event_id,product_id,store_id,category,timestamp,current_stock,shelf_capacity,sales_last_10min,stock_ratio,replenishment_pending,category_encoded,store_encoded,stockout_label
EVT798200,P006,S01,bakery,2026-06-08T15:55:20.717616,1,35,8,0.0286,1,1,0,0
EVT679472,P012,S04,household,2026-06-08T15:55:21.220651,14,30,5,0.4667,1,5,3,0
EVT251606,P018,S04,dairy,2026-06-08T15:55:21.723255,39,40,2,0.975,0,0,3,0
EVT505732,P011,S01,snacks,2026-06-08T15:55:22.226496,30,50,6,0.6,0,3,0,0
EVT822814,P004,S01,beverages,2026-06-08T15:55:22.729296,7,60,4,0.1167,0,2,0,1
EVT878328,P013,S04,snacks,2026-06-08T15:55:23.232538,23,50,2,0.46,0,3,3,0
EVT853887,P002,S03,snacks,2026-06-08T15:55:23.735295,4,50,11,0.08,1,3,2,0
EVT704149,P019,S01,beverages,2026-06-08T15:55:24.236882,27,60,4,0.45,0,2,0,0
EVT834133,P001,S02,frozen,2026-06-08T15:55:24.737566,31,45,0,0.6889,0,4,1,1
EVT540474,P011,S03,household,2026-06-08T15:55:25.240248,17,30,6,0.5667,0,5,2,1
EVT357320,P019,S03,beverages,2026-06-08T15:55:25.741826,54,60,5,0.9,0,2,2,0
EVT825835,P001,S04,dairy,2026-06-08T15:55:26.245561,16,40,7,0.4,0,0,3,0
EVT725084,P010,S03,dairy,2026-06-08T15:55:26.748678,34,40,2,0.85,0,0,2,0
EVT841161,P003,S04,beverages,2026-06-08T15:55:27.251728,6,60,14,0.1,1,2,3,0
EVT277857,P005,S03,bakery,2026-06-08T15:55:27.753508,15,35,2,0.4286,0,1,2,1
EVT739958,P019,S02,frozen,2026-06-08T15:55:28.256554,17,45,16,0.3778,0,4,1,1
EVT703158,P013,S02,bakery,2026-06-08T15:55:28.760238,6,35,17,0.1714,0,1,1,1
EVT879571,P009,S03,frozen,2026-06-08T15:55:29.261828,2,45,12,0.0444,0,4,2,1
EVT781189,P013,S03,frozen,2026-06-08T15:55:29.764356,6,45,3,0.1333,0,4,2,0
EVT766125,P016,S04,snacks,2026-06-08T15:55:30.265340,23,50,4,0.46,0,3,3,0
EVT898727,P019,S04,bakery,2026-06-08T15:55:30.766935,0,35,13,0.0,0,1,3,1
EVT780209,P009,S02,beverages,2026-06-08T15:55:31.272647,38,60,1,0.6333,0,2,1,1
EVT392492,P015,S04,beverages,2026-06-08T15:55:31.775574,34,60,0,0.5667,0,2,3,0
EVT572598,P003,S04,dairy,2026-06-08T15:55:32.277743,3,40,10,0.075,0,0,3,0
EVT250134,P020,S01,beverages,2026-06-08T15:55:32.781443,0,60,5,0.0,0,2,0,0
EVT193938,P014,S01,frozen,2026-06-08T15:55:33.285096,22,45,0,0.4889,0,4,0,1
EVT853210,P011,S04,dairy,2026-06-08T15:55:33.788484,2,40,14,0.05,1,0,3,1
EVT363337,P005,S04,snacks,2026-06-08T15:55:34.289791,7,50,3,0.14,0,3,3,1
EVT357782,P020,S04,snacks,2026-06-08T15:55:34.794113,33,50,3,0.66,0,3,3,1
EVT773833,P020,S03,snacks,2026-06-08T15:55:35.297332,7,50,14,0.14,1,3,2,0
EVT540125,P002,S03,dairy,2026-06-08T15:55:35.799483,32,40,1,0.8,0,0,2,0
EVT928539,P019,S01,beverages,2026-06-08T15:55:36.307256,31,60,3,0.5167,0,2,0,0
EVT429288,P016,S04,beverages,2026-06-08T15:55:36.808564,36,60,3,0.6,1,2,3,0
EVT849183,P014,S03,bakery,2026-06-08T15:55:37.310124,15,35,2,0.4286,0,1,2,1
EVT315278,P012,S04,household,2026-06-08T15:55:37.815824,7,30,0,0.2333,0,5,3,1
EVT352878,P001,S02,frozen,2026-06-08T15:55:38.321781,13,45,13,0.2889,0,4,1,1
EVT574851,P011,S03,bakery,2026-06-08T15:55:38.825753,20,35,6,0.5714,0,1,2,1
EVT362974,P019,S03,dairy,2026-06-08T15:55:39.330425,0,40,5,0.0,0,0,2,1
EVT708625,P008,S02,bakery,2026-06-08T15:55:39.834853,0,35,13,0.0,1,1,1,1
EVT232665,P009,S02,bakery,2026-06-08T15:55:40.336374,10,35,4,0.2857,0,1,1,0
EVT137545,P009,S01,bakery,2026-06-08T15:55:40.837714,2,35,17,0.0571,0,1,0,1
EVT592762,P018,S01,dairy,2026-06-08T15:55:41.339917,38,40,1,0.95,0,0,0,0
EVT170892,P006,S03,dairy,2026-06-08T15:55:41.842060,7,40,16,0.175,0,0,2,1
EVT754593,P020,S01,frozen,2026-06-08T15:55:42.344504,26,45,5,0.5778,0,4,0,1
EVT657427,P012,S04,beverages,2026-06-08T15:55:42.848950,5,60,15,0.0833,0,2,3,1
EVT293231,P003,S02,beverages,2026-06-08T15:55:43.352617,34,60,1,0.5667,0,2,1,0
EVT487120,P005,S04,snacks,2026-06-08T15:55:43.858109,6,50,2,0.12,0,3,3,1
EVT480080,P013,S02,beverages,2026-06-08T15:55:44.359467,1,60,4,0.0167,0,2,1,1
EVT311676,P017,S01,snacks,2026-06-08T15:55:44.862557,1,50,10,0.02,1,3,0,0
EVT606030,P001,S02,snacks,2026-06-08T15:55:45.364600,3,50,14,0.06,0,3,1,1
EVT546821,P010,S03,dairy,2026-06-08T15:55:45.866367,38,40,4,0.95,0,0,2,1
EVT997117,P001,S03,frozen,2026-06-08T15:55:46.367618,27,45,6,0.6,0,4,2,1
EVT491144,P001,S03,frozen,2026-06-08T15:55:46.870512,0,45,16,0.0,0,4,2,1
EVT276249,P014,S02,bakery,2026-06-08T15:55:47.377984,26,35,6,0.7429,0,1,1,0
EVT845151,P020,S01,dairy,2026-06-08T15:55:47.878853,4,40,8,0.1,1,0,0,0
EVT713554,P014,S01,frozen,2026-06-08T15:55:48.381960,12,45,7,0.2667,1,4,0,0
EVT986216,P008,S01,dairy,2026-06-08T15:55:48.884195,5,40,6,0.125,1,0,0,1
EVT950978,P004,S03,snacks,2026-06-08T15:55:49.385233,16,50,11,0.32,0,3,2,1
EVT700461,P014,S01,snacks,2026-06-08T15:55:49.894395,17,50,11,0.34,0,3,0,1
EVT610572,P003,S03,frozen,2026-06-08T15:55:50.400643,6,45,5,0.1333,0,4,2,1
EVT642695,P004,S04,dairy,2026-06-08T15:55:50.902722,23,40,0,0.575,0,0,3,0
EVT369001,P010,S01,bakery,2026-06-08T15:55:51.404806,21,35,2,0.6,0,1,0,0
EVT743538,P006,S03,dairy,2026-06-08T15:55:51.910889,22,40,6,0.55,0,0,2,0
EVT292802,P018,S03,beverages,2026-06-08T15:55:52.417985,50,60,3,0.8333,0,2,2,0
EVT327835,P019,S04,beverages,2026-06-08T15:55:52.923950,25,60,9,0.4167,0,2,3,1
EVT740762,P006,S01,beverages,2026-06-08T15:55:53.426596,16,60,9,0.2667,0,2,0,1
EVT386860,P009,S01,bakery,2026-06-08T15:55:53.929433,34,35,3,0.9714,0,1,0,0
EVT822223,P012,S03,household,2026-06-08T15:55:54.437119,11,30,11,0.3667,0,5,2,1
EVT385346,P008,S01,bakery,2026-06-08T15:55:54.940838,15,35,8,0.4286,1,1,0,1
EVT725368,P001,S04,household,2026-06-08T15:55:55.442944,12,30,9,0.4,0,5,3,1
EVT633732,P012,S02,household,2026-06-08T15:55:55.944140,10,30,15,0.3333,0,5,1,1
EVT722750,P007,S04,beverages,2026-06-08T15:55:56.446263,6,60,4,0.1,0,2,3,1
EVT706849,P005,S03,snacks,2026-06-08T15:55:56.950920,0,50,13,0.0,1,3,2,0
EVT598889,P012,S01,beverages,2026-06-08T15:55:57.458573,39,60,2,0.65,0,2,0,1
EVT123778,P006,S04,snacks,2026-06-08T15:55:57.961007,26,50,2,0.52,0,3,3,1
EVT161904,P008,S03,household,2026-06-08T15:55:58.462962,4,30,10,0.1333,0,5,2,1
EVT395784,P011,S04,bakery,2026-06-08T15:55:58.965164,6,35,0,0.1714,0,1,3,1
EVT716473,P008,S01,snacks,2026-06-08T15:55:59.467577,8,50,8,0.16,1,3,0,0
EVT949971,P010,S04,bakery,2026-06-08T15:55:59.970136,7,35,11,0.2,0,1,3,1
EVT118495,P003,S03,frozen,2026-06-08T15:56:00.476290,35,45,6,0.7778,0,4,2,0
EVT833804,P016,S04,frozen,2026-06-08T15:56:00.978120,6,45,5,0.1333,0,4,3,1
EVT438649,P002,S02,dairy,2026-06-08T15:56:01.479590,1,40,11,0.025,1,0,1,1
EVT691546,P012,S01,household,2026-06-08T15:56:01.982737,10,30,8,0.3333,0,5,0,0
EVT971972,P012,S01,dairy,2026-06-08T15:56:02.485216,11,40,9,0.275,0,0,0,1
EVT346845,P019,S01,household,2026-06-08T15:56:02.991901,11,30,15,0.3667,0,5,0,1
EVT271200,P016,S01,beverages,2026-06-08T15:56:03.495093,4,60,11,0.0667,0,2,0,1
EVT572156,P015,S04,household,2026-06-08T15:56:04.000850,13,30,6,0.4333,1,5,3,0
EVT693122,P002,S02,bakery,2026-06-08T15:56:04.503114,14,35,15,0.4,0,1,1,1
EVT823241,P019,S01,household,2026-06-08T15:56:05.011300,3,30,7,0.1,1,5,0,1
EVT426190,P010,S02,bakery,2026-06-08T15:56:05.514154,2,35,4,0.0571,0,1,1,1
EVT454876,P006,S03,beverages,2026-06-08T15:56:06.017971,59,60,5,0.9833,0,2,2,1
EVT337598,P020,S02,beverages,2026-06-08T15:56:06.526058,45,60,1,0.75,0,2,1,0
EVT466976,P010,S01,frozen,2026-06-08T15:56:07.029025,41,45,5,0.9111,0,4,0,0
EVT522923,P020,S01,beverages,2026-06-08T15:56:07.535975,37,60,5,0.6167,0,2,0,1
EVT331780,P005,S03,bakery,2026-06-08T15:56:08.040154,35,35,2,1.0,0,1,2,0
EVT883896,P014,S04,bakery,2026-06-08T15:56:08.542127,10,35,16,0.2857,0,1,3,1
EVT911766,P010,S03,beverages,2026-06-08T15:56:09.043807,11,60,12,0.1833,1,2,2,1
EVT223079,P008,S03,frozen,2026-06-08T15:56:09.550757,8,45,11,0.1778,0,4,2,1
EVT288112,P011,S02,household,2026-06-08T15:56:10.053309,0,30,11,0.0,0,5,1,1
EVT305798,P011,S04,frozen,2026-06-08T15:56:10.555166,10,45,2,0.2222,0,4,3,0
EVT133333,P006,S04,bakery,2026-06-08T15:56:11.062191,15,35,16,0.4286,0,1,3,0
EVT809284,P015,S03,dairy,2026-06-08T15:56:11.564771,2,40,7,0.05,1,0,2,0
EVT935318,P003,S02,frozen,2026-06-08T15:56:12.071587,0,45,14,0.0,0,4,1,1
EVT609285,P008,S01,beverages,2026-06-08T15:56:12.578120,23,60,9,0.3833,0,2,0,0
EVT176046,P011,S02,snacks,2026-06-08T15:56:13.080669,12,50,14,0.24,0,3,1,1
EVT200398,P007,S01,bakery,2026-06-08T15:56:13.584138,32,35,3,0.9143,0,1,0,0
EVT766896,P011,S01,beverages,2026-06-08T15:56:14.090384,2,60,12,0.0333,0,2,0,1
EVT586079,P015,S01,bakery,2026-06-08T15:56:14.594063,17,35,1,0.4857,0,1,0,1
EVT376969,P016,S01,dairy,2026-06-08T15:56:15.097505,6,40,5,0.15,0,0,0,1
EVT794305,P003,S02,household,2026-06-08T15:56:15.600755,1,30,17,0.0333,0,5,1,1
EVT870564,P002,S03,beverages,2026-06-08T15:56:16.101703,0,60,1,0.0,0,2,2,1
EVT327867,P013,S03,bakery,2026-06-08T15:56:16.604147,1,35,8,0.0286,1,1,2,1
EVT917628,P020,S01,beverages,2026-06-08T15:56:17.110017,11,60,8,0.1833,1,2,0,1
EVT829066,P020,S03,frozen,2026-06-08T15:56:17.616440,38,45,2,0.8444,0,4,2,0
EVT495403,P005,S02,bakery,2026-06-08T15:56:18.122265,30,35,4,0.8571,0,1,1,1
EVT574161,P013,S04,frozen,2026-06-08T15:56:18.623096,28,45,1,0.6222,0,4,3,0
EVT463251,P004,S03,bakery,2026-06-08T15:56:19.125355,5,35,15,0.1429,0,1,2,1
EVT937817,P020,S03,frozen,2026-06-08T15:56:19.630396,36,45,4,0.8,0,4,2,0
EVT445892,P013,S03,bakery,2026-06-08T15:56:20.133161,24,35,2,0.6857,0,1,2,0
EVT156957,P004,S02,snacks,2026-06-08T15:56:20.636870,0,50,5,0.0,0,3,1,1
EVT542373,P014,S03,household,2026-06-08T15:56:21.139280,1,30,5,0.0333,0,5,2,1
EVT967879,P004,S04,household,2026-06-08T15:56:21.640996,2,30,2,0.0667,0,5,3,1
EVT471624,P010,S03,snacks,2026-06-08T15:56:22.144918,2,50,17,0.04,0,3,2,1
EVT340985,P019,S03,dairy,2026-06-08T15:56:22.649653,32,40,4,0.8,0,0,2,0
EVT979157,P014,S02,household,2026-06-08T15:56:23.153088,20,30,4,0.6667,0,5,1,1
EVT890517,P017,S02,dairy,2026-06-08T15:56:23.655393,18,40,13,0.45,0,0,1,1
EVT722214,P007,S01,household,2026-06-08T15:56:24.157909,27,30,3,0.9,0,5,0,0
EVT722408,P011,S03,dairy,2026-06-08T15:56:24.660840,8,40,7,0.2,1,0,2,1
EVT611291,P014,S04,snacks,2026-06-08T15:56:25.161962,6,50,1,0.12,0,3,3,1
EVT747155,P013,S04,household,2026-06-08T15:56:25.666389,27,30,2,0.9,1,5,3,0
EVT773375,P002,S02,beverages,2026-06-08T15:56:26.168902,4,60,13,0.0667,0,2,1,1
EVT390193,P005,S01,dairy,2026-06-08T15:56:26.670984,18,40,0,0.45,0,0,0,0
EVT763073,P010,S02,snacks,2026-06-08T15:56:27.174432,23,50,2,0.46,0,3,1,0
EVT426611,P005,S02,household,2026-06-08T15:56:27.676869,8,30,4,0.2667,0,5,1,1
EVT788760,P009,S02,snacks,2026-06-08T15:56:28.178164,24,50,0,0.48,0,3,1,0
EVT532848,P015,S02,bakery,2026-06-08T15:56:28.682950,11,35,14,0.3143,0,1,1,1
EVT116394,P006,S04,bakery,2026-06-08T15:56:29.187443,12,35,10,0.3429,0,1,3,0
EVT744806,P018,S03,beverages,2026-06-08T15:56:29.690690,39,60,1,0.65,0,2,2,0
EVT765766,P018,S03,bakery,2026-06-08T15:56:30.197523,23,35,5,0.6571,0,1,2,0
EVT806381,P004,S04,household,2026-06-08T15:56:30.700168,14,30,2,0.4667,0,5,3,1
EVT224774,P007,S03,bakery,2026-06-08T15:56:31.203657,3,35,14,0.0857,0,1,2,1
EVT498284,P013,S03,dairy,2026-06-08T15:56:31.706647,7,40,14,0.175,0,0,2,1
EVT621941,P017,S04,snacks,2026-06-08T15:56:32.210587,45,50,3,0.9,1,3,3,0
EVT243064,P003,S01,snacks,2026-06-08T15:56:32.713552,0,50,10,0.0,0,3,0,1
EVT153667,P009,S04,bakery,2026-06-08T15:56:33.218925,14,35,8,0.4,0,1,3,1
EVT499719,P009,S03,beverages,2026-06-08T15:56:33.721999,6,60,15,0.1,0,2,2,1
EVT435949,P019,S03,household,2026-06-08T15:56:34.223114,17,30,2,0.5667,1,5,2,0
EVT160237,P012,S03,frozen,2026-06-08T15:56:34.725025,11,45,13,0.2444,0,4,2,1
EVT958722,P020,S04,dairy,2026-06-08T15:56:35.227191,13,40,10,0.325,0,0,3,1
EVT627575,P015,S02,dairy,2026-06-08T15:56:35.731034,35,40,6,0.875,0,0,1,1
EVT722562,P003,S01,snacks,2026-06-08T15:56:36.237080,31,50,5,0.62,0,3,0,0
EVT240153,P008,S01,beverages,2026-06-08T15:56:36.739966,9,60,7,0.15,1,2,0,0
EVT975332,P016,S02,snacks,2026-06-08T15:56:37.243267,42,50,2,0.84,0,3,1,1
EVT730276,P017,S03,snacks,2026-06-08T15:56:37.744431,43,50,5,0.86,0,3,2,0
EVT305218,P012,S02,dairy,2026-06-08T15:56:38.250411,8,40,16,0.2,0,0,1,1
EVT892447,P016,S03,bakery,2026-06-08T15:56:38.753998,3,35,10,0.0857,1,1,2,0
EVT901079,P014,S02,snacks,2026-06-08T15:56:39.257495,29,50,1,0.58,0,3,1,1
EVT759302,P014,S03,snacks,2026-06-08T15:56:39.761135,25,50,2,0.5,0,3,2,0
EVT397592,P014,S01,household,2026-06-08T15:56:40.261824,14,30,3,0.4667,0,5,0,0
EVT853360,P011,S02,frozen,2026-06-08T15:56:40.763187,23,45,6,0.5111,0,4,1,0
EVT938686,P019,S03,frozen,2026-06-08T15:56:41.266181,6,45,13,0.1333,0,4,2,1
EVT859903,P007,S03,dairy,2026-06-08T15:56:41.769849,16,40,16,0.4,0,0,2,0
EVT625409,P019,S03,snacks,2026-06-08T15:56:42.275857,4,50,17,0.08,0,3,2,1
EVT774327,P013,S03,dairy,2026-06-08T15:56:42.780020,21,40,0,0.525,0,0,2,1
EVT215284,P013,S01,beverages,2026-06-08T15:56:43.282135,9,60,10,0.15,1,2,0,1
EVT777166,P005,S03,bakery,2026-06-08T15:56:43.790006,11,35,8,0.3143,1,1,2,1
EVT870927,P013,S03,bakery,2026-06-08T15:56:44.295560,12,35,13,0.3429,1,1,2,0
EVT503145,P012,S02,beverages,2026-06-08T15:56:44.798980,2,60,4,0.0333,0,2,1,0
EVT722183,P014,S02,dairy,2026-06-08T15:56:45.305003,14,40,10,0.35,0,0,1,1
EVT400574,P009,S04,dairy,2026-06-08T15:56:45.810838,25,40,3,0.625,0,0,3,0
EVT798353,P005,S04,dairy,2026-06-08T15:56:46.314483,3,40,12,0.075,0,0,3,1
EVT201963,P018,S04,dairy,2026-06-08T15:56:46.818385,10,40,15,0.25,1,0,3,1
EVT368506,P004,S01,bakery,2026-06-08T15:56:47.321244,0,35,12,0.0,0,1,0,1
EVT335464,P010,S01,household,2026-06-08T15:56:47.825232,19,30,6,0.6333,0,5,0,0
EVT568199,P017,S02,bakery,2026-06-08T15:56:48.326848,24,35,4,0.6857,1,1,1,1
EVT753856,P007,S01,bakery,2026-06-08T15:56:48.831883,30,35,5,0.8571,0,1,0,1
EVT386478,P017,S01,bakery,2026-06-08T15:56:49.334124,5,35,12,0.1429,1,1,0,1
EVT454982,P016,S02,snacks,2026-06-08T15:56:49.839176,43,50,1,0.86,0,3,1,0
EVT837153,P014,S02,snacks,2026-06-08T15:56:50.340588,6,50,14,0.12,1,3,1,0
EVT567964,P020,S03,dairy,2026-06-08T15:56:50.844298,3,40,12,0.075,1,0,2,0
EVT511568,P016,S03,beverages,2026-06-08T15:56:51.345405,16,60,12,0.2667,0,2,2,0
EVT481953,P006,S02,frozen,2026-06-08T15:56:51.847289,23,45,0,0.5111,0,4,1,0
EVT166878,P003,S03,bakery,2026-06-08T15:56:52.348148,0,35,0,0.0,0,1,2,1
EVT411780,P011,S02,snacks,2026-06-08T15:56:52.852371,50,50,4,1.0,0,3,1,0
EVT656796,P016,S03,bakery,2026-06-08T15:56:53.356981,12,35,14,0.3429,0,1,2,0
EVT176902,P007,S04,dairy,2026-06-08T15:56:53.859834,10,40,4,0.25,0,0,3,0
EVT526014,P006,S02,beverages,2026-06-08T15:56:54.363408,33,60,5,0.55,0,2,1,1
EVT496651,P014,S03,bakery,2026-06-08T15:56:54.865748,0,35,11,0.0,0,1,2,1
EVT149054,P009,S01,dairy,2026-06-08T15:56:55.372370,28,40,5,0.7,0,0,0,0
EVT829603,P012,S03,household,2026-06-08T15:56:55.876127,19,30,2,0.6333,1,5,2,0
EVT384795,P020,S02,household,2026-06-08T15:56:56.378308,24,30,3,0.8,0,5,1,0
EVT453803,P011,S02,beverages,2026-06-08T15:56:56.879168,27,60,6,0.45,0,2,1,1
EVT164958,P005,S03,beverages,2026-06-08T15:56:57.381829,8,60,13,0.1333,1,2,2,1
EVT103980,P014,S04,household,2026-06-08T15:56:57.884613,18,30,3,0.6,0,5,3,0
EVT635548,P001,S01,bakery,2026-06-08T15:56:58.390195,27,35,5,0.7714,0,1,0,1
EVT476425,P020,S03,dairy,2026-06-08T15:56:58.894699,21,40,3,0.525,0,0,2,1
EVT474224,P001,S01,snacks,2026-06-08T15:56:59.396529,3,50,5,0.06,0,3,0,1
EVT757164,P010,S01,dairy,2026-06-08T15:56:59.897280,0,40,3,0.0,0,0,0,0
EVT407738,P005,S04,frozen,2026-06-08T15:57:00.402172,32,45,3,0.7111,0,4,3,1
EVT964726,P016,S03,bakery,2026-06-08T15:57:00.904650,0,35,9,0.0,1,1,2,1
EVT195326,P009,S01,frozen,2026-06-08T15:57:01.410911,1,45,16,0.0222,0,4,0,1
EVT527469,P004,S01,household,2026-06-08T15:57:01.916761,5,30,17,0.1667,0,5,0,0
EVT773591,P002,S01,dairy,2026-06-08T15:57:02.422359,9,40,8,0.225,1,0,0,1
EVT880965,P015,S02,bakery,2026-06-08T15:57:02.926153,26,35,2,0.7429,0,1,1,1
EVT380990,P003,S03,snacks,2026-06-08T15:57:03.428295,33,50,6,0.66,1,3,2,1
EVT803124,P009,S02,bakery,2026-06-08T15:57:03.932461,28,35,5,0.8,0,1,1,1
EVT943242,P010,S03,bakery,2026-06-08T15:57:04.434208,10,35,14,0.2857,1,1,2,1
EVT430068,P019,S03,dairy,2026-06-08T15:57:04.939442,32,40,3,0.8,0,0,2,0
EVT289455,P018,S01,bakery,2026-06-08T15:57:05.443998,1,35,12,0.0286,0,1,0,1
EVT818493,P009,S04,household,2026-06-08T15:57:05.948675,28,30,5,0.9333,0,5,3,0
EVT653503,P015,S01,snacks,2026-06-08T15:57:06.453918,25,50,4,0.5,0,3,0,0
EVT424633,P007,S02,bakery,2026-06-08T15:57:06.957958,32,35,2,0.9143,0,1,1,0
EVT280009,P002,S01,beverages,2026-06-08T15:57:07.460421,2,60,4,0.0333,0,2,0,1
EVT158040,P001,S04,dairy,2026-06-08T15:57:07.964554,14,40,16,0.35,0,0,3,0
EVT179620,P012,S01,bakery,2026-06-08T15:57:08.467600,18,35,2,0.5143,0,1,0,0
EVT891864,P003,S01,beverages,2026-06-08T15:57:08.968906,60,60,3,1.0,0,2,0,0
EVT631489,P016,S04,dairy,2026-06-08T15:57:09.470276,29,40,4,0.725,1,0,3,1
EVT239392,P012,S04,bakery,2026-06-08T15:57:09.975527,16,35,8,0.4571,1,1,3,1
EVT440096,P015,S03,dairy,2026-06-08T15:57:10.478397,6,40,2,0.15,0,0,2,0
EVT836747,P016,S01,snacks,2026-06-08T15:57:10.981531,3,50,4,0.06,0,3,0,1
EVT790170,P020,S01,bakery,2026-06-08T15:57:11.488887,15,35,6,0.4286,0,1,0,1
EVT655469,P012,S02,household,2026-06-08T15:57:11.994379,19,30,0,0.6333,0,5,1,0
EVT815941,P009,S02,beverages,2026-06-08T15:57:12.496121,21,60,13,0.35,0,2,1,1
EVT677753,P019,S04,dairy,2026-06-08T15:57:12.998622,35,40,4,0.875,1,0,3,0
EVT676909,P013,S01,frozen,2026-06-08T15:57:13.500948,8,45,10,0.1778,0,4,0,1
EVT745460,P006,S04,beverages,2026-06-08T15:57:14.003519,39,60,5,0.65,0,2,3,0
EVT218076,P013,S03,dairy,2026-06-08T15:57:14.508589,7,40,16,0.175,0,0,2,1
EVT228711,P009,S04,bakery,2026-06-08T15:57:15.010953,26,35,4,0.7429,0,1,3,0
EVT218623,P014,S03,household,2026-06-08T15:57:15.518872,8,30,11,0.2667,1,5,2,0
EVT481554,P017,S04,frozen,2026-06-08T15:57:16.021421,19,45,15,0.4222,0,4,3,1
EVT882100,P018,S02,beverages,2026-06-08T15:57:16.525447,16,60,16,0.2667,0,2,1,1
EVT326190,P006,S01,snacks,2026-06-08T15:57:17.030878,42,50,1,0.84,0,3,0,0
EVT543991,P014,S04,frozen,2026-06-08T15:57:17.532142,35,45,0,0.7778,0,4,3,0
EVT392237,P001,S04,snacks,2026-06-08T15:57:18.034294,42,50,2,0.84,0,3,3,0
EVT906253,P012,S02,snacks,2026-06-08T15:57:18.540381,1,50,10,0.02,1,3,1,0
EVT577980,P005,S02,snacks,2026-06-08T15:57:19.046198,0,50,10,0.0,0,3,1,1
EVT264521,P002,S04,household,2026-06-08T15:57:19.551405,4,30,16,0.1333,0,5,3,1
EVT944128,P005,S01,beverages,2026-06-08T15:57:20.056476,0,60,4,0.0,0,2,0,0
EVT294715,P002,S03,beverages,2026-06-08T15:57:20.560799,27,60,6,0.45,0,2,2,1
EVT356588,P016,S04,snacks,2026-06-08T15:57:21.067708,23,50,5,0.46,0,3,3,1
EVT534486,P012,S04,dairy,2026-06-08T15:57:21.569142,34,40,5,0.85,0,0,3,0
EVT904833,P009,S01,bakery,2026-06-08T15:57:22.076499,11,35,9,0.3143,1,1,0,0
EVT545420,P003,S02,household,2026-06-08T15:57:22.577550,15,30,4,0.5,1,5,1,1
EVT442983,P002,S04,beverages,2026-06-08T15:57:23.080441,57,60,6,0.95,1,2,3,0
EVT614921,P019,S01,beverages,2026-06-08T15:57:23.587314,20,60,9,0.3333,0,2,0,1
EVT661262,P006,S04,frozen,2026-06-08T15:57:24.090158,0,45,11,0.0,0,4,3,0
EVT896584,P003,S03,dairy,2026-06-08T15:57:24.597060,5,40,12,0.125,0,0,2,1
EVT751365,P016,S04,snacks,2026-06-08T15:57:25.099379,44,50,4,0.88,0,3,3,0
EVT976958,P006,S01,snacks,2026-06-08T15:57:25.601304,11,50,12,0.22,0,3,0,1
EVT923078,P020,S01,frozen,2026-06-08T15:57:26.106029,41,45,2,0.9111,0,4,0,0
EVT148212,P014,S01,bakery,2026-06-08T15:57:26.611865,16,35,4,0.4571,0,1,0,0
EVT448620,P003,S03,dairy,2026-06-08T15:57:27.117308,1,40,13,0.025,0,0,2,1
EVT650099,P013,S04,bakery,2026-06-08T15:57:27.622221,12,35,13,0.3429,0,1,3,1
EVT939432,P004,S01,dairy,2026-06-08T15:57:28.126725,25,40,3,0.625,0,0,0,1
EVT932930,P013,S04,beverages,2026-06-08T15:57:28.633471,50,60,2,0.8333,1,2,3,0
EVT194361,P016,S03,beverages,2026-06-08T15:57:29.141428,6,60,0,0.1,0,2,2,0
EVT622578,P017,S04,beverages,2026-06-08T15:57:29.644159,10,60,1,0.1667,0,2,3,0
EVT238845,P016,S03,dairy,2026-06-08T15:57:30.152367,10,40,9,0.25,0,0,2,1
EVT363118,P017,S02,bakery,2026-06-08T15:57:30.660323,1,35,7,0.0286,1,1,1,1
EVT180959,P008,S03,bakery,2026-06-08T15:57:31.164590,6,35,7,0.1714,1,1,2,0
EVT942754,P004,S01,snacks,2026-06-08T15:57:31.666927,44,50,0,0.88,0,3,0,1
EVT833698,P007,S04,beverages,2026-06-08T15:57:32.170692,2,60,15,0.0333,1,2,3,0
EVT773720,P014,S03,bakery,2026-06-08T15:57:32.675083,29,35,2,0.8286,0,1,2,1
EVT805120,P007,S02,bakery,2026-06-08T15:57:33.177699,3,35,10,0.0857,0,1,1,1
EVT252193,P015,S01,household,2026-06-08T15:57:33.684369,11,30,13,0.3667,0,5,0,0
EVT942043,P010,S02,household,2026-06-08T15:57:34.190576,18,30,6,0.6,0,5,1,1
EVT727334,P007,S01,beverages,2026-06-08T15:57:34.694152,50,60,0,0.8333,0,2,0,0
EVT341074,P013,S02,bakery,2026-06-08T15:57:35.196668,28,35,2,0.8,0,1,1,1
EVT747288,P017,S02,household,2026-06-08T15:57:35.700205,8,30,14,0.2667,0,5,1,1
EVT703552,P002,S01,beverages,2026-06-08T15:57:36.203322,27,60,1,0.45,1,2,0,1
EVT820862,P017,S02,bakery,2026-06-08T15:57:36.707239,0,35,12,0.0,0,1,1,1
EVT409062,P019,S03,dairy,2026-06-08T15:57:37.213453,18,40,14,0.45,0,0,2,1
EVT444431,P004,S01,household,2026-06-08T15:57:37.717329,11,30,14,0.3667,0,5,0,1
EVT812879,P020,S03,dairy,2026-06-08T15:57:38.225196,27,40,3,0.675,0,0,2,0
EVT754356,P006,S04,dairy,2026-06-08T15:57:38.727237,22,40,5,0.55,1,0,3,0
EVT964278,P013,S03,dairy,2026-06-08T15:57:39.232276,5,40,17,0.125,0,0,2,1
EVT487705,P015,S01,beverages,2026-06-08T15:57:39.739557,34,60,0,0.5667,0,2,0,1
EVT369922,P014,S04,beverages,2026-06-08T15:57:40.242650,0,60,11,0.0,0,2,3,1
EVT563707,P010,S01,bakery,2026-06-08T15:57:40.748152,26,35,0,0.7429,0,1,0,0
EVT427716,P017,S02,household,2026-06-08T15:57:41.248948,11,30,14,0.3667,0,5,1,0
EVT555854,P013,S03,frozen,2026-06-08T15:57:41.750332,36,45,4,0.8,0,4,2,1
EVT607055,P002,S04,bakery,2026-06-08T15:57:42.257522,23,35,1,0.6571,0,1,3,1
EVT857705,P006,S02,household,2026-06-08T15:57:42.764224,2,30,17,0.0667,0,5,1,1
EVT443634,P018,S02,beverages,2026-06-08T15:57:43.271892,55,60,0,0.9167,0,2,1,0
EVT999552,P017,S01,household,2026-06-08T15:57:43.774121,8,30,1,0.2667,0,5,0,0
EVT664963,P003,S02,snacks,2026-06-08T15:57:44.275000,34,50,5,0.68,0,3,1,1
EVT180948,P020,S02,household,2026-06-08T15:57:44.778166,8,30,18,0.2667,0,5,1,1
EVT705174,P010,S03,bakery,2026-06-08T15:57:45.284306,32,35,0,0.9143,0,1,2,0
EVT579659,P008,S04,beverages,2026-06-08T15:57:45.792370,2,60,17,0.0333,0,2,3,1
EVT618106,P003,S02,snacks,2026-06-08T15:57:46.295165,1,50,5,0.02,0,3,1,1
EVT117289,P005,S02,beverages,2026-06-08T15:57:46.801084,7,60,4,0.1167,0,2,1,0
EVT293222,P016,S04,dairy,2026-06-08T15:57:47.308501,32,40,2,0.8,0,0,3,1
EVT515474,P018,S02,household,2026-06-08T15:57:47.814809,13,30,0,0.4333,0,5,1,0
EVT937934,P009,S04,bakery,2026-06-08T15:57:48.316481,28,35,2,0.8,0,1,3,1
EVT561100,P016,S01,dairy,2026-06-08T15:57:48.818574,23,40,1,0.575,0,0,0,0
EVT738622,P015,S01,beverages,2026-06-08T15:57:49.322047,8,60,4,0.1333,0,2,0,0
EVT355112,P007,S04,beverages,2026-06-08T15:57:49.831665,49,60,4,0.8167,0,2,3,0
EVT521447,P018,S03,dairy,2026-06-08T15:57:50.339388,6,40,11,0.15,1,0,2,0
EVT980361,P008,S03,snacks,2026-06-08T15:57:50.842523,11,50,14,0.22,0,3,2,1
EVT450744,P009,S04,snacks,2026-06-08T15:57:51.348461,1,50,15,0.02,0,3,3,1
EVT889927,P014,S02,bakery,2026-06-08T15:57:51.856463,13,35,8,0.3714,0,1,1,0
EVT320454,P012,S01,snacks,2026-06-08T15:57:52.365381,15,50,8,0.3,1,3,0,1
EVT651974,P011,S03,frozen,2026-06-08T15:57:52.868091,33,45,0,0.7333,0,4,2,0
EVT249971,P016,S03,bakery,2026-06-08T15:57:53.371703,30,35,4,0.8571,0,1,2,0
EVT383687,P010,S03,snacks,2026-06-08T15:57:53.873078,38,50,0,0.76,0,3,2,0
EVT817231,P012,S04,bakery,2026-06-08T15:57:54.378959,4,35,2,0.1143,0,1,3,1
EVT987686,P018,S02,household,2026-06-08T15:57:54.883371,16,30,3,0.5333,0,5,1,1
EVT909410,P016,S01,household,2026-06-08T15:57:55.390403,28,30,5,0.9333,0,5,0,0
EVT535342,P004,S04,beverages,2026-06-08T15:57:55.896921,18,60,13,0.3,0,2,3,1
EVT920970,P013,S04,snacks,2026-06-08T15:57:56.402543,31,50,0,0.62,0,3,3,1
EVT778801,P009,S04,bakery,2026-06-08T15:57:56.904441,11,35,10,0.3143,0,1,3,1
EVT703686,P004,S03,dairy,2026-06-08T15:57:57.407191,21,40,1,0.525,0,0,2,1
EVT117529,P014,S01,dairy,2026-06-08T15:57:57.911246,10,40,12,0.25,0,0,0,1
EVT921459,P005,S04,beverages,2026-06-08T15:57:58.417307,22,60,10,0.3667,0,2,3,1
EVT248217,P015,S01,dairy,2026-06-08T15:57:58.923550,18,40,11,0.45,1,0,0,1
EVT856545,P008,S02,frozen,2026-06-08T15:57:59.429641,1,45,5,0.0222,0,4,1,1
EVT883811,P020,S02,household,2026-06-08T15:57:59.932731,3,30,10,0.1,0,5,1,1
EVT229865,P010,S03,beverages,2026-06-08T15:58:00.436945,44,60,4,0.7333,0,2,2,0
EVT909203,P017,S02,household,2026-06-08T15:58:00.939143,2,30,9,0.0667,1,5,1,1
EVT125367,P017,S01,snacks,2026-06-08T15:58:01.441674,1,50,1,0.02,0,3,0,0
EVT492945,P014,S03,household,2026-06-08T15:58:01.944922,25,30,4,0.8333,0,5,2,0
EVT213495,P009,S03,bakery,2026-06-08T15:58:02.449073,14,35,9,0.4,0,1,2,1
EVT736500,P003,S01,frozen,2026-06-08T15:58:02.955399,27,45,4,0.6,0,4,0,1
EVT398812,P009,S01,bakery,2026-06-08T15:58:03.458743,4,35,16,0.1143,0,1,0,1
EVT745910,P017,S04,frozen,2026-06-08T15:58:03.960917,3,45,16,0.0667,0,4,3,1
EVT824924,P018,S02,frozen,2026-06-08T15:58:04.464884,8,45,12,0.1778,0,4,1,1
EVT353450,P020,S02,frozen,2026-06-08T15:58:04.971236,24,45,5,0.5333,0,4,1,0
EVT700931,P009,S03,bakery,2026-06-08T15:58:05.474778,5,35,17,0.1429,0,1,2,1
EVT964654,P002,S01,frozen,2026-06-08T15:58:05.977818,3,45,2,0.0667,0,4,0,1
EVT950677,P007,S03,bakery,2026-06-08T15:58:06.480834,8,35,10,0.2286,0,1,2,1
EVT470650,P011,S01,beverages,2026-06-08T15:58:06.983996,9,60,1,0.15,0,2,0,0
EVT613160,P007,S03,beverages,2026-06-08T15:58:07.486746,33,60,1,0.55,0,2,2,1
EVT366495,P001,S01,snacks,2026-06-08T15:58:07.991253,45,50,4,0.9,0,3,0,0
EVT571929,P018,S04,bakery,2026-06-08T15:58:08.498347,24,35,1,0.6857,0,1,3,0
EVT152071,P015,S04,frozen,2026-06-08T15:58:09.001831,30,45,3,0.6667,0,4,3,1
EVT230261,P017,S04,household,2026-06-08T15:58:09.505420,15,30,1,0.5,0,5,3,0
EVT932078,P017,S04,snacks,2026-06-08T15:58:10.008721,0,50,10,0.0,0,3,3,1
EVT305283,P004,S03,household,2026-06-08T15:58:10.515447,29,30,3,0.9667,0,5,2,0
EVT758140,P003,S01,bakery,2026-06-08T15:58:11.022917,5,35,6,0.1429,1,1,0,1
EVT900235,P003,S04,frozen,2026-06-08T15:58:11.525485,32,45,3,0.7111,0,4,3,0
EVT126635,P011,S01,household,2026-06-08T15:58:12.029412,29,30,5,0.9667,1,5,0,0
EVT746268,P009,S04,beverages,2026-06-08T15:58:12.536635,56,60,6,0.9333,0,2,3,0
EVT421736,P006,S02,beverages,2026-06-08T15:58:13.037579,43,60,1,0.7167,0,2,1,0
EVT523457,P017,S04,household,2026-06-08T15:58:13.538693,11,30,9,0.3667,0,5,3,1
EVT659262,P011,S01,snacks,2026-06-08T15:58:14.041838,50,50,5,1.0,0,3,0,0
EVT243500,P001,S04,beverages,2026-06-08T15:58:14.546449,19,60,13,0.3167,0,2,3,0
EVT822919,P017,S01,dairy,2026-06-08T15:58:15.049221,39,40,0,0.975,0,0,0,0
EVT599858,P016,S01,frozen,2026-06-08T15:58:15.553326,23,45,5,0.5111,0,4,0,1
EVT544571,P020,S01,household,2026-06-08T15:58:16.054627,4,30,1,0.1333,0,5,0,1
EVT215987,P002,S03,frozen,2026-06-08T15:58:16.505070,6,45,17,0.1333,0,4,2,1
EVT388388,P012,S02,snacks,2026-06-08T15:58:17.008631,6,50,1,0.12,0,3,1,0
EVT709674,P008,S02,snacks,2026-06-08T15:58:17.510835,8,50,15,0.16,0,3,1,1
EVT102507,P009,S04,household,2026-06-08T15:58:18.016922,25,30,6,0.8333,0,5,3,0
EVT852176,P018,S03,bakery,2026-06-08T15:58:18.524915,0,35,15,0.0,1,1,2,1
EVT299685,P019,S04,frozen,2026-06-08T15:58:19.027197,12,45,11,0.2667,0,4,3,1
EVT573980,P008,S04,bakery,2026-06-08T15:58:19.528062,3,35,13,0.0857,0,1,3,1
EVT518236,P018,S02,household,2026-06-08T15:58:20.031111,17,30,1,0.5667,0,5,1,0
EVT284942,P010,S03,snacks,2026-06-08T15:58:20.536054,14,50,16,0.28,0,3,2,1
EVT930178,P013,S01,beverages,2026-06-08T15:58:21.038846,8,60,1,0.1333,0,2,0,1
EVT285430,P011,S04,dairy,2026-06-08T15:58:21.542212,28,40,6,0.7,0,0,3,0
EVT298032,P013,S02,dairy,2026-06-08T15:58:22.047280,31,40,5,0.775,0,0,1,0
EVT536638,P006,S04,beverages,2026-06-08T15:58:22.549393,8,60,7,0.1333,1,2,3,1
EVT297957,P009,S04,beverages,2026-06-08T15:58:23.051960,2,60,17,0.0333,0,2,3,1
EVT473573,P002,S02,bakery,2026-06-08T15:58:23.554986,5,35,13,0.1429,0,1,1,1
EVT913495,P011,S01,beverages,2026-06-08T15:58:24.060230,31,60,0,0.5167,0,2,0,0
EVT636980,P017,S02,household,2026-06-08T15:58:24.563007,7,30,11,0.2333,0,5,1,1
EVT240871,P016,S01,household,2026-06-08T15:58:25.066949,17,30,0,0.5667,0,5,0,0
EVT318702,P003,S02,household,2026-06-08T15:58:25.567946,18,30,6,0.6,1,5,1,0
EVT480615,P011,S02,dairy,2026-06-08T15:58:26.071056,30,40,6,0.75,0,0,1,1
EVT402748,P014,S01,dairy,2026-06-08T15:58:26.578870,7,40,16,0.175,0,0,0,0
EVT209440,P011,S03,snacks,2026-06-08T15:58:27.081092,4,50,13,0.08,0,3,2,1
EVT279946,P019,S02,snacks,2026-06-08T15:58:27.586529,18,50,6,0.36,0,3,1,1
EVT458419,P017,S03,snacks,2026-06-08T15:58:28.088802,46,50,2,0.92,0,3,2,0
EVT660560,P006,S01,bakery,2026-06-08T15:58:28.591524,7,35,18,0.2,0,1,0,1
EVT385094,P008,S04,frozen,2026-06-08T15:58:29.093856,3,45,18,0.0667,0,4,3,1
EVT160052,P001,S02,household,2026-06-08T15:58:29.597321,3,30,5,0.1,0,5,1,1
EVT155633,P005,S04,household,2026-06-08T15:58:30.100102,19,30,2,0.6333,0,5,3,0
EVT774229,P001,S02,bakery,2026-06-08T15:58:30.602993,15,35,4,0.4286,0,1,1,1
EVT256522,P014,S01,household,2026-06-08T15:58:31.107826,28,30,0,0.9333,0,5,0,0
EVT456283,P011,S03,bakery,2026-06-08T15:58:31.609911,0,35,12,0.0,0,1,2,1
EVT293905,P001,S04,beverages,2026-06-08T15:58:32.112931,15,60,16,0.25,0,2,3,1
EVT959222,P015,S04,dairy,2026-06-08T15:58:32.616948,0,40,9,0.0,1,0,3,0
EVT737230,P015,S02,bakery,2026-06-08T15:58:33.122264,3,35,8,0.0857,1,1,1,0
EVT378487,P016,S02,snacks,2026-06-08T15:58:33.627938,20,50,12,0.4,0,3,1,1
EVT131113,P006,S01,snacks,2026-06-08T15:58:34.131045,16,50,6,0.32,1,3,0,1
EVT537153,P013,S03,household,2026-06-08T15:58:34.634769,10,30,7,0.3333,0,5,2,0
EVT965276,P006,S04,dairy,2026-06-08T15:58:35.137787,18,40,6,0.45,0,0,3,0
EVT440446,P003,S02,dairy,2026-06-08T15:58:35.641254,1,40,11,0.025,0,0,1,0
EVT427882,P019,S04,beverages,2026-06-08T15:58:36.144127,10,60,6,0.1667,0,2,3,1
EVT243237,P007,S03,household,2026-06-08T15:58:36.646889,2,30,9,0.0667,1,5,2,0
EVT716582,P010,S02,frozen,2026-06-08T15:58:37.150478,24,45,6,0.5333,0,4,1,0
EVT279994,P006,S02,beverages,2026-06-08T15:58:37.651717,4,60,8,0.0667,1,2,1,1
EVT658658,P013,S02,dairy,2026-06-08T15:58:38.154638,6,40,17,0.15,0,0,1,1
EVT381565,P001,S04,snacks,2026-06-08T15:58:38.658635,22,50,0,0.44,0,3,3,0
EVT410344,P011,S04,beverages,2026-06-08T15:58:39.160299,39,60,2,0.65,0,2,3,1
EVT131084,P013,S02,frozen,2026-06-08T15:58:39.666411,34,45,3,0.7556,0,4,1,0
EVT531952,P013,S01,beverages,2026-06-08T15:58:40.170638,12,60,11,0.2,1,2,0,0
EVT851352,P016,S04,bakery,2026-06-08T15:58:40.673923,33,35,6,0.9429,0,1,3,1
EVT754970,P008,S01,snacks,2026-06-08T15:58:41.176589,10,50,11,0.2,0,3,0,1
EVT461491,P014,S03,household,2026-06-08T15:58:41.679995,23,30,0,0.7667,0,5,2,0
